{"cameraMode":{"drawMode":0,"name":"Shaded","section":"Shading Mode"},"sceneLighting":true,"audioPlay":false,"sceneViewState":{"m_AlwaysRefresh":false,"showFog":true,"showSkybox":true,"showFlares":true,"showImageEffects":true,"showParticleSystems":true,"showVisualEffectGraphs":true,"m_FxEnabled":true},"in2DMode":false,"pivot":{"x":0.33778810501098635,"y":6.543988227844238,"z":-15.505248069763184},"rotation":{"x":-0.13010218739509583,"y":0.47421908378601076,"z":-0.07109890133142472,"w":-0.8678494095802307},"size":7.18964958190918,"orthographic":false}