{"cameraMode":{"drawMode":0,"name":"Shaded","section":"Shading Mode"},"sceneLighting":true,"audioPlay":false,"sceneViewState":{"m_AlwaysRefresh":false,"showFog":true,"showSkybox":true,"showFlares":true,"showImageEffects":true,"showParticleSystems":true,"showVisualEffectGraphs":true,"m_FxEnabled":true},"in2DMode":false,"pivot":{"x":18.676372528076173,"y":7.5648040771484379,"z":-37.918949127197269},"rotation":{"x":0.0380963534116745,"y":-0.9617218375205994,"z":0.20346663892269135,"w":0.17977280914783479},"size":27.28598976135254,"orthographic":false}